M,Scheduling Method,Chunk Size,T1,T2,T4,T8,S2,S4,S8
100,static ,10,0.000117,0.000144,0.000157,0.000292,0.809425,0.742058,0.400274
100,dynamic,10,0.000020,0.000165,0.000817,0.000451,0.122807,0.024853,0.045061
100,guided ,10,0.000020,0.000069,0.000553,0.000283,0.286541,0.035805,0.069989
100,static ,50,0.000024,0.000093,0.000363,0.000464,0.258900,0.066134,0.051746
100,dynamic,50,0.000008,0.000202,0.000598,0.000670,0.037661,0.012711,0.011337
100,guided ,50,0.000010,0.000117,0.000635,0.000551,0.087809,0.016223,0.018707
100,static ,100,0.000007,0.000253,0.000234,0.000318,0.025732,0.027802,0.020434
100,dynamic,100,0.000006,0.000185,0.000124,0.000274,0.033459,0.050000,0.022619
100,guided ,100,0.000007,0.000184,0.000299,0.000366,0.037459,0.023061,0.018832
100,static ,1000,0.000011,0.000259,0.000415,0.000145,0.043998,0.027443,0.078675
100,dynamic,1000,0.000006,0.000071,0.000063,0.000344,0.084270,0.094637,0.017432
100,guided ,1000,0.000007,0.000081,0.000244,0.000453,0.083951,0.027903,0.015004
100,static ,5000,0.000007,0.000089,0.000253,0.000541,0.081173,0.028470,0.013299
100,dynamic,5000,0.000006,0.000073,0.000246,0.000386,0.083106,0.024756,0.015795
100,guided ,5000,0.000006,0.000044,0.000290,0.000373,0.139269,0.021056,0.016363
100,static ,10000,0.000009,0.000085,0.000093,0.000265,0.104338,0.095802,0.033585
100,dynamic,10000,0.000021,0.000136,0.000112,0.000269,0.157469,0.190222,0.079495
100,guided ,10000,0.000010,0.000102,0.000325,0.000430,0.100586,0.031692,0.023970
100,static ,50000,0.000010,0.000405,0.000188,0.000583,0.025958,0.055792,0.017998
100,dynamic,50000,0.000006,0.000400,0.000310,0.000923,0.015996,0.020619,0.006931
100,guided ,50000,0.000009,0.000119,0.000268,0.000464,0.075567,0.033632,0.019401
100,static ,100000,0.000008,0.000196,0.000227,0.000182,0.040858,0.035258,0.044004
100,dynamic,100000,0.000008,0.000086,0.000096,0.000249,0.090058,0.079958,0.030973
100,guided ,100000,0.000007,0.000069,0.000066,0.000329,0.098694,0.103501,0.020656
250,static ,10,0.000013,0.000159,0.000286,0.000334,0.081607,0.045407,0.038969
250,dynamic,10,0.000026,0.000073,0.000080,0.000158,0.357923,0.328733,0.165404
250,guided ,10,0.000014,0.000127,0.000196,0.000150,0.110063,0.071319,0.093583
250,static ,50,0.000012,0.000151,0.000349,0.000263,0.081009,0.034927,0.046441
250,dynamic,50,0.000012,0.000120,0.000122,0.000168,0.100666,0.099262,0.071981
250,guided ,50,0.000011,0.000056,0.000079,0.000129,0.202847,0.144854,0.088304
250,static ,100,0.000012,0.000079,0.000170,0.000174,0.153846,0.071638,0.070236
250,dynamic,100,0.000011,0.000127,0.000364,0.000434,0.086342,0.030211,0.025357
250,guided ,100,0.000011,0.000043,0.000333,0.000413,0.254673,0.032693,0.026411
250,static ,1000,0.000012,0.000098,0.000180,0.000446,0.125000,0.068333,0.027554
250,dynamic,1000,0.000011,0.000114,0.000296,0.000316,0.095866,0.036775,0.034537
250,guided ,1000,0.000011,0.000027,0.000237,0.000353,0.410256,0.047158,0.031728
250,static ,5000,0.000019,0.000168,0.000156,0.000162,0.112567,0.121465,0.116523
250,dynamic,5000,0.000012,0.000120,0.000097,0.000163,0.099751,0.123711,0.073484
250,guided ,5000,0.000015,0.000036,0.000120,0.000276,0.409972,0.123026,0.053565
250,static ,10000,0.000013,0.000147,0.000077,0.000143,0.089674,0.170984,0.092308
250,dynamic,10000,0.000011,0.000139,0.000095,0.000160,0.077754,0.113684,0.067500
250,guided ,10000,0.000011,0.000078,0.000111,0.000238,0.136422,0.095495,0.044594
250,static ,50000,0.000013,0.000126,0.000130,0.000220,0.100714,0.097692,0.057754
250,dynamic,50000,0.000011,0.000190,0.000173,0.000248,0.056316,0.061743,0.043180
250,guided ,50000,0.000014,0.000150,0.000390,0.000497,0.092914,0.035641,0.027990
250,static ,100000,0.000012,0.000063,0.000123,0.000250,0.197452,0.100895,0.049679
250,dynamic,100000,0.000011,0.000198,0.000072,0.000167,0.057964,0.159280,0.068945
250,guided ,100000,0.000013,0.000049,0.000127,0.000130,0.274590,0.105678,0.102682
500,static ,10,0.000024,0.000087,0.000238,0.000325,0.275029,0.100336,0.073561
500,dynamic,10,0.000041,0.000125,0.000122,0.000172,0.330671,0.340461,0.240838
500,guided ,10,0.000020,0.000067,0.000082,0.000156,0.301802,0.243932,0.128517
500,static ,50,0.000042,0.000101,0.000172,0.000315,0.418972,0.246799,0.134646
500,dynamic,50,0.000020,0.000105,0.000160,0.000203,0.194656,0.127820,0.100592
500,guided ,50,0.000021,0.000074,0.000219,0.000308,0.282432,0.095347,0.067747
500,static ,100,0.000024,0.000089,0.000229,0.000492,0.270575,0.104712,0.048790
500,dynamic,100,0.000020,0.000049,0.000192,0.000421,0.414784,0.105263,0.048015
500,guided ,100,0.000022,0.000093,0.000301,0.000527,0.235546,0.073163,0.041754
500,static ,1000,0.000023,0.000082,0.000129,0.000143,0.279951,0.178072,0.159805
500,dynamic,1000,0.000023,0.000193,0.000300,0.000350,0.117678,0.075616,0.064894
500,guided ,1000,0.000031,0.000038,0.000282,0.000491,0.819629,0.109497,0.062869
500,static ,5000,0.000033,0.000131,0.000161,0.000212,0.247909,0.202736,0.153774
500,dynamic,5000,0.000022,0.000111,0.000190,0.000370,0.197285,0.115040,0.058855
500,guided ,5000,0.000049,0.000122,0.000314,0.000368,0.403437,0.157056,0.133931
500,static ,10000,0.000026,0.000086,0.000134,0.000259,0.300000,0.192825,0.099652
500,dynamic,10000,0.000031,0.000130,0.000104,0.000261,0.236741,0.296154,0.118098
500,guided ,10000,0.000034,0.000182,0.000219,0.000487,0.186021,0.154408,0.069362
500,static ,50000,0.000026,0.000091,0.000091,0.000469,0.281319,0.282249,0.054631
500,dynamic,50000,0.000021,0.000252,0.000162,0.000368,0.084027,0.131107,0.057593
500,guided ,50000,0.000027,0.000030,0.000280,0.000408,0.909699,0.097074,0.066699
500,static ,100000,0.000025,0.000127,0.000224,0.000513,0.196527,0.111310,0.048500
500,dynamic,100000,0.000047,0.000183,0.000157,0.000415,0.258451,0.302296,0.114217
500,guided ,100000,0.000045,0.000174,0.000316,0.000398,0.256765,0.140916,0.112060
1000,static ,10,0.000043,0.000173,0.000231,0.000353,0.246957,0.184735,0.120748
1000,dynamic,10,0.000045,0.000153,0.000340,0.000505,0.296151,0.133451,0.089865
1000,guided ,10,0.000044,0.000170,0.000315,0.000394,0.260306,0.140140,0.112183
1000,static ,50,0.000044,0.000133,0.000189,0.000313,0.326087,0.229673,0.138933
1000,dynamic,50,0.000041,0.000156,0.000190,0.000177,0.262821,0.215676,0.231638
1000,guided ,50,0.000065,0.000128,0.000146,0.000275,0.502728,0.442690,0.234802
1000,static ,100,0.000068,0.000222,0.000564,0.000391,0.306619,0.120852,0.174258
1000,dynamic,100,0.000043,0.000183,0.000171,0.000199,0.234392,0.250292,0.214752
1000,guided ,100,0.000055,0.000184,0.000308,0.000226,0.300654,0.179337,0.243924
1000,static ,1000,0.000061,0.000158,0.000313,0.000527,0.386810,0.195200,0.115728
1000,dynamic,1000,0.000042,0.000163,0.000101,0.000303,0.257371,0.413215,0.138284
1000,guided ,1000,0.000041,0.000086,0.000249,0.000368,0.474971,0.163658,0.110900
1000,static ,5000,0.000045,0.000102,0.000112,0.000236,0.446411,0.405719,0.192129
1000,dynamic,5000,0.000043,0.000087,0.000401,0.000426,0.493135,0.107428,0.101245
1000,guided ,5000,0.000058,0.000097,0.000392,0.000583,0.602683,0.149132,0.100154
1000,static ,10000,0.000044,0.000132,0.000108,0.000165,0.330310,0.403882,0.265170
1000,dynamic,10000,0.000062,0.000246,0.000187,0.000265,0.252132,0.331377,0.233898
1000,guided ,10000,0.000042,0.000181,0.000157,0.000170,0.231956,0.267812,0.247066
1000,static ,50000,0.000044,0.000177,0.000267,0.000231,0.246467,0.163602,0.188581
1000,dynamic,50000,0.000060,0.000212,0.000117,0.000215,0.282475,0.512865,0.277623
1000,guided ,50000,0.000042,0.000121,0.000097,0.000151,0.344913,0.429897,0.276709
1000,static ,100000,0.000046,0.000097,0.000184,0.000171,0.476876,0.251900,0.271186
1000,dynamic,100000,0.000041,0.000132,0.000124,0.000256,0.306122,0.326613,0.157895
1000,guided ,100000,0.000062,0.000230,0.000384,0.000555,0.270282,0.162029,0.112232
2000,static ,10,0.000091,0.000170,0.000197,0.000275,0.534198,0.460600,0.330055
2000,dynamic,10,0.000092,0.000199,0.000154,0.000187,0.461268,0.593912,0.490637
2000,guided ,10,0.000103,0.000143,0.000123,0.000192,0.723389,0.840521,0.537461
2000,static ,50,0.000114,0.000332,0.000264,0.000282,0.343167,0.432638,0.404686
2000,dynamic,50,0.000100,0.000225,0.000166,0.000353,0.444740,0.603978,0.284255
2000,guided ,50,0.000095,0.000187,0.000183,0.000305,0.506431,0.515548,0.310039
2000,static ,100,0.000106,0.000233,0.000298,0.000307,0.453065,0.354460,0.343964
2000,dynamic,100,0.000142,0.000233,0.000509,0.000532,0.609944,0.279843,0.267531
2000,guided ,100,0.000097,0.000182,0.000547,0.000293,0.536344,0.178062,0.332196
2000,static ,1000,0.000090,0.000138,0.000155,0.000227,0.646676,0.576304,0.394795
2000,dynamic,1000,0.000111,0.000301,0.000313,0.000279,0.367808,0.353242,0.396700
2000,guided ,1000,0.000099,0.000287,0.000224,0.000286,0.345632,0.442908,0.347081
2000,static ,5000,0.000091,0.000144,0.000209,0.000230,0.633588,0.436008,0.396439
2000,dynamic,5000,0.000087,0.000118,0.000173,0.000255,0.736887,0.502597,0.340900
2000,guided ,5000,0.000172,0.000313,0.000309,0.000333,0.547718,0.554801,0.514543
2000,static ,10000,0.000128,0.000198,0.000213,0.000284,0.642821,0.598780,0.449771
2000,dynamic,10000,0.000087,0.000252,0.000142,0.000238,0.344595,0.612288,0.363522
2000,guided ,10000,0.000088,0.000115,0.000279,0.000204,0.768696,0.316959,0.432485
2000,static ,50000,0.000094,0.000146,0.000158,0.000236,0.647220,0.596458,0.399746
2000,dynamic,50000,0.000103,0.000365,0.000169,0.000329,0.282543,0.608619,0.313755
2000,guided ,50000,0.000110,0.000219,0.000338,0.000447,0.500912,0.324764,0.245971
2000,static ,100000,0.000104,0.000291,0.000174,0.000521,0.357953,0.599195,0.199962
2000,dynamic,100000,0.000088,0.000245,0.000254,0.000338,0.359330,0.346730,0.260201
2000,guided ,100000,0.000117,0.000265,0.000261,0.000264,0.443311,0.449425,0.444824
3000,static ,10,0.000170,0.000305,0.000266,0.000452,0.558399,0.640331,0.376133
3000,dynamic,10,0.000206,0.000184,0.000299,0.000300,1.121938,0.688377,0.687917
3000,guided ,10,0.000144,0.000183,0.000247,0.000585,0.788409,0.583569,0.246411
3000,static ,50,0.000143,0.000163,0.000218,0.000280,0.878304,0.655805,0.511270
3000,dynamic,50,0.000162,0.000249,0.000232,0.000208,0.651947,0.699698,0.779645
3000,guided ,50,0.000218,0.000157,0.000182,0.000261,1.388041,1.198901,0.836015
3000,static ,100,0.000163,0.000260,0.000251,0.000381,0.626010,0.648983,0.427146
3000,dynamic,100,0.000142,0.000213,0.000179,0.000687,0.663232,0.789298,0.206114
3000,guided ,100,0.000175,0.000198,0.000235,0.000215,0.883897,0.744789,0.815177
3000,static ,1000,0.000141,0.000208,0.000219,0.000336,0.676768,0.641880,0.418750
3000,dynamic,1000,0.000203,0.000284,0.000345,0.000312,0.713380,0.587076,0.650193
3000,guided ,1000,0.000143,0.000201,0.000298,0.000592,0.708540,0.478377,0.241047
3000,static ,5000,0.000142,0.000194,0.000262,0.000361,0.733265,0.542476,0.394351
3000,dynamic,5000,0.000154,0.000225,0.000262,0.000249,0.685473,0.589156,0.618933
3000,guided ,5000,0.000200,0.000261,0.000307,0.000299,0.766577,0.651254,0.669120
3000,static ,10000,0.000161,0.000261,0.000394,0.000550,0.617038,0.408225,0.292470
3000,dynamic,10000,0.000140,0.000228,0.000274,0.000323,0.613796,0.510226,0.432374
3000,guided ,10000,0.000150,0.000238,0.000228,0.000404,0.632730,0.660228,0.372462
3000,static ,50000,0.000189,0.000285,0.000335,0.000307,0.665495,0.565711,0.617139
3000,dynamic,50000,0.000175,0.000290,0.000223,0.000269,0.603169,0.785907,0.650204
3000,guided ,50000,0.000168,0.000292,0.000310,0.000346,0.573187,0.540994,0.484533
3000,static ,100000,0.000143,0.000242,0.000209,0.000297,0.591736,0.685167,0.482317
3000,dynamic,100000,0.000158,0.000397,0.000223,0.000332,0.398891,0.709735,0.476937
3000,guided ,100000,0.000140,0.000295,0.000248,0.000305,0.473060,0.562903,0.457405
5000,static ,10,0.000260,0.000241,0.000288,0.000598,1.079220,0.905043,0.435044
5000,dynamic,10,0.000272,0.000342,0.000284,0.000296,0.794977,0.958788,0.919905
5000,guided ,10,0.000258,0.000291,0.000194,0.000268,0.886637,1.329727,0.963060
5000,static ,50,0.000261,0.000332,0.000277,0.000457,0.786080,0.941537,0.571522
5000,dynamic,50,0.000259,0.000311,0.000241,0.000248,0.834567,1.078170,1.046831
5000,guided ,50,0.000259,0.000282,0.000220,0.000438,0.917109,1.177889,0.590691
5000,static ,100,0.000328,0.000319,0.000263,0.000486,1.028231,1.247811,0.674347
5000,dynamic,100,0.000257,0.000306,0.000285,0.000268,0.838889,0.900070,0.959268
5000,guided ,100,0.000270,0.000275,0.000199,0.000383,0.982169,1.353561,0.704332
5000,static ,1000,0.000276,0.000313,0.000280,0.000303,0.881789,0.985711,0.912095
5000,dynamic,1000,0.000293,0.000438,0.000283,0.000435,0.667655,1.032452,0.672874
5000,guided ,1000,0.000276,0.000333,0.000287,0.000333,0.829679,0.961699,0.829928
5000,static ,5000,0.000262,0.000312,0.000326,0.000482,0.840873,0.803495,0.544115
5000,dynamic,5000,0.000254,0.000430,0.000387,0.000487,0.589779,0.655226,0.521034
5000,guided ,5000,0.000255,0.000416,0.000338,0.000412,0.613276,0.753323,0.618632
5000,static ,10000,0.000279,0.000325,0.000376,0.000453,0.855870,0.739904,0.614655
5000,dynamic,10000,0.000256,0.000403,0.000451,0.000421,0.634358,0.567909,0.608417
5000,guided ,10000,0.000298,0.000457,0.000355,0.000527,0.651127,0.838264,0.564838
5000,static ,50000,0.000357,0.000360,0.000369,0.000444,0.991935,0.967191,0.803922
5000,dynamic,50000,0.000258,0.000379,0.000343,0.000485,0.680845,0.750874,0.531121
5000,guided ,50000,0.000256,0.000433,0.000582,0.000603,0.590678,0.440089,0.424263
5000,static ,100000,0.000258,0.000541,0.000349,0.000556,0.476710,0.738968,0.464099
7500,static ,10,0.000542,0.000361,0.000409,0.000452,1.501243,1.324047,1.198673
7500,dynamic,10,0.000434,0.000419,0.000297,0.000376,1.037984,1.462963,1.156200
7500,guided ,10,0.000507,0.000448,0.000316,0.000502,1.131532,1.602467,1.009966
7500,static ,50,0.000420,0.000383,0.000343,0.000402,1.097516,1.222125,1.045059
7500,dynamic,50,0.000605,0.000412,0.000322,0.000356,1.466408,1.875310,1.700225
7500,guided ,50,0.000415,0.000445,0.000317,0.000297,0.932645,1.308759,1.400539
7500,static ,100,0.000419,0.000399,0.000347,0.000506,1.049373,1.206281,0.828125
7500,dynamic,100,0.000481,0.000536,0.000315,0.000314,0.897910,1.528272,1.530703
7500,guided ,100,0.000434,0.000394,0.000271,0.000401,1.102870,1.604582,1.083874
7500,static ,1000,0.000418,0.000358,0.000262,0.000426,1.167412,1.594884,0.980056
7500,dynamic,1000,0.000516,0.000524,0.000336,0.000399,0.985491,1.534027,1.292762
7500,guided ,1000,0.000628,0.000464,0.000326,0.000411,1.352510,1.925460,1.527994
7500,static ,5000,0.000421,0.000504,0.000487,0.000662,0.834291,0.864982,0.636089
7500,dynamic,5000,0.000466,0.000641,0.000764,0.000743,0.727429,0.610602,0.627607
7500,guided ,5000,0.000556,0.000843,0.000748,0.000810,0.659549,0.743316,0.686081
7500,static ,10000,0.000423,0.000535,0.000492,0.000783,0.790989,0.859959,0.540220
7500,dynamic,10000,0.000661,0.000713,0.000530,0.000734,0.926679,1.246229,0.900545
7500,guided ,10000,0.000443,0.000508,0.000658,0.000921,0.871482,0.672845,0.480886
7500,static ,50000,0.000420,0.000536,0.000511,0.000701,0.784394,0.822148,0.599088
7500,dynamic,50000,0.000455,0.000622,0.000506,0.000667,0.730986,0.898064,0.681968
7500,guided ,50000,0.000858,0.000696,0.000751,0.000584,1.232572,1.141203,1.468322
7500,static ,100000,0.000443,0.000557,0.000535,0.000947,0.795083,0.828689,0.467800
7500,dynamic,100000,0.000427,0.000752,0.000609,0.000675,0.568200,0.702037,0.633091
7500,guided ,100000,0.000565,0.000628,0.000832,0.001112,0.898329,0.678524,0.507779
10000,static ,10,0.000606,0.000485,0.000413,0.000957,1.248661,1.466844,0.633333
10000,dynamic,10,0.000634,0.000478,0.000387,0.000376,1.326710,1.638171,1.686520
10000,guided ,10,0.000599,0.000482,0.000441,0.000570,1.243355,1.356593,1.049790
10000,static ,50,0.000601,0.000469,0.000453,0.000388,1.283671,1.327594,1.548802
10000,dynamic,50,0.000602,0.000504,0.000318,0.000408,1.194720,1.892767,1.474522
10000,guided ,50,0.000643,0.000522,0.000354,0.000485,1.232656,1.818490,1.325093
10000,static ,100,0.000596,0.000526,0.000448,0.000467,1.131434,1.329094,1.275316
10000,dynamic,100,0.000613,0.000503,0.000347,0.000499,1.217365,1.763673,1.226872
10000,guided ,100,0.000601,0.000566,0.000339,0.000377,1.063108,1.774041,1.593957
10000,static ,1000,0.000670,0.000489,0.000471,0.000525,1.369605,1.420450,1.274943
10000,dynamic,1000,0.000616,0.000444,0.000381,0.000350,1.388325,1.618072,1.761510
10000,guided ,1000,0.000616,0.000443,0.000392,0.000435,1.389528,1.570263,1.417031
10000,static ,5000,0.000729,0.000730,0.000778,0.001042,0.998629,0.936986,0.699098
10000,dynamic,5000,0.000590,0.000698,0.000698,0.000721,0.845129,0.845614,0.818169
10000,guided ,5000,0.000626,0.000727,0.000728,0.000970,0.860481,0.860245,0.645294
10000,static ,10000,0.000606,0.000647,0.000685,0.000951,0.936660,0.884980,0.637875
10000,dynamic,10000,0.000588,0.000868,0.000752,0.000893,0.677531,0.782834,0.658864
10000,guided ,10000,0.000609,0.000892,0.000711,0.000715,0.683113,0.856340,0.852147
10000,static ,50000,0.000606,0.000699,0.000712,0.000817,0.866171,0.850246,0.741040
10000,dynamic,50000,0.000588,0.000677,0.000663,0.000706,0.869000,0.887214,0.833664
10000,guided ,50000,0.000587,0.000775,0.001137,0.001042,0.758002,0.516580,0.563790
10000,static ,100000,0.000599,0.000902,0.000855,0.000960,0.663857,0.700035,0.623282
10000,dynamic,100000,0.000591,0.000808,0.000730,0.000992,0.731255,0.809922,0.595586
10000,guided ,100000,0.001400,0.000790,0.000923,0.000761,1.771732,1.516681,1.840915
50000,static ,10,0.004667,0.002594,0.002099,0.001552,1.799306,2.224160,3.007539
50000,dynamic,10,0.004514,0.003393,0.001994,0.001467,1.330298,2.263073,3.077453
50000,guided ,10,0.004557,0.002483,0.001559,0.001114,1.835314,2.923151,4.092044
50000,static ,50,0.004800,0.002562,0.001795,0.001571,1.873054,2.673630,3.055771
50000,dynamic,50,0.004758,0.002777,0.001625,0.001447,1.713211,2.927341,3.287797
50000,guided ,50,0.004506,0.002809,0.001606,0.001171,1.604258,2.804980,3.848821
50000,static ,100,0.004471,0.002462,0.001917,0.001777,1.816258,2.332238,2.515557
50000,dynamic,100,0.004555,0.002654,0.001543,0.001502,1.716660,2.952174,3.032956
50000,guided ,100,0.004453,0.002865,0.001559,0.001204,1.553989,2.857106,3.698032
50000,static ,1000,0.004772,0.002630,0.001776,0.001753,1.814266,2.687373,2.721554
50000,dynamic,1000,0.004497,0.002749,0.001860,0.001329,1.635758,2.418101,3.383521
50000,guided ,1000,0.004343,0.002966,0.001515,0.001198,1.464064,2.866477,3.626117
50000,static ,5000,0.004633,0.002887,0.002069,0.002026,1.604947,2.239030,2.286998
50000,dynamic,5000,0.004677,0.002852,0.002019,0.002048,1.639835,2.317101,2.283615
50000,guided ,5000,0.004863,0.002652,0.001831,0.001892,1.833578,2.656325,2.571081
50000,static ,10000,0.004506,0.002777,0.002270,0.002730,1.622601,1.984934,1.650416
50000,dynamic,10000,0.004514,0.003174,0.002530,0.002761,1.422001,1.784260,1.635152
50000,guided ,10000,0.004369,0.004071,0.002280,0.002604,1.072997,1.916137,1.677843
50000,static ,50000,0.004712,0.004705,0.004567,0.005110,1.001552,1.031860,0.922118
50000,dynamic,50000,0.004626,0.004527,0.004569,0.004805,1.021980,1.012496,0.962911
50000,guided ,50000,0.004896,0.004581,0.004527,0.004920,1.068762,1.081463,0.995061
50000,static ,100000,0.004691,0.004459,0.005479,0.005232,1.051940,0.856105,0.896521
50000,dynamic,100000,0.004782,0.004582,0.004564,0.004857,1.043559,1.047720,0.984477
50000,guided ,100000,0.004572,0.004566,0.004585,0.004875,1.001183,0.997143,0.937785
1000000,static ,10,0.215039,0.108691,0.065490,0.041627,1.978447,3.283523,5.165906
1000000,dynamic,10,0.197294,0.102826,0.060086,0.036453,1.918711,3.283518,5.412279
1000000,guided ,10,0.205390,0.103809,0.057629,0.039250,1.978542,3.563996,5.232890
1000000,static ,50,0.202996,0.102028,0.066661,0.039123,1.989608,3.045203,5.188616
1000000,dynamic,50,0.197634,0.103787,0.061670,0.035564,1.904231,3.204697,5.557168
1000000,guided ,50,0.202797,0.102437,0.060640,0.033695,1.979732,3.344267,6.018626
1000000,static ,100,0.199740,0.127439,0.070947,0.042748,1.567338,2.815318,4.672455
1000000,dynamic,100,0.196612,0.129148,0.073369,0.035883,1.522382,2.679770,5.479276
1000000,guided ,100,0.197086,0.104053,0.063811,0.036198,1.894094,3.088564,5.444594
1000000,static ,1000,0.196888,0.102796,0.071891,0.041813,1.915323,2.738691,4.708740
1000000,dynamic,1000,0.201300,0.117522,0.073305,0.036089,1.712871,2.746042,5.577822
1000000,guided ,1000,0.203349,0.116384,0.059052,0.036138,1.747230,3.443554,5.627094
1000000,static ,5000,0.199998,0.108257,0.054066,0.040495,1.847439,3.699133,4.938861
1000000,dynamic,5000,0.197198,0.106201,0.064380,0.037180,1.856833,3.063029,5.303918
1000000,guided ,5000,0.197675,0.105139,0.063337,0.037162,1.880126,3.120982,5.319296
1000000,static ,10000,0.194472,0.120764,0.065453,0.042362,1.610348,2.971156,4.590711
1000000,dynamic,10000,0.196736,0.101038,0.064492,0.037824,1.947144,3.050533,5.201379
1000000,guided ,10000,0.201630,0.116614,0.066854,0.038107,1.729039,3.015998,5.291154
1000000,static ,50000,0.198458,0.109508,0.071459,0.052411,1.812279,2.777245,3.786606
1000000,dynamic,50000,0.198198,0.107417,0.072100,0.047245,1.845131,2.748929,4.195108
1000000,guided ,50000,0.195854,0.109962,0.070436,0.050136,1.781105,2.780581,3.906449
1000000,static ,100000,0.197540,0.117892,0.081001,0.062642,1.675599,2.438721,3.153484
1000000,dynamic,100000,0.198064,0.119481,0.097256,0.073880,1.657702,2.036533,2.680901
1000000,guided ,100000,0.200100,0.120030,0.094594,0.068041,1.667079,2.115345,2.940877
1500000,static ,10,0.329247,0.194622,0.126715,0.067426,1.691724,2.598334,4.883073
1500000,dynamic,10,0.334679,0.175288,0.101904,0.061550,1.909313,3.284269,5.437535
1500000,guided ,10,0.332988,0.179018,0.097577,0.058497,1.860086,3.412581,5.692396
1500000,static ,50,0.333347,0.188432,0.112579,0.070498,1.769055,2.961020,4.728456
1500000,dynamic,50,0.334164,0.176809,0.098142,0.061802,1.889968,3.404912,5.407001
1500000,guided ,50,0.392730,0.187702,0.113318,0.062106,2.092302,3.465742,6.323578
1500000,static ,100,0.337560,0.173229,0.103299,0.069282,1.948632,3.267807,4.872243
1500000,dynamic,100,0.334165,0.174561,0.108817,0.061660,1.914318,3.070895,5.419465
1500000,guided ,100,0.340159,0.191928,0.108731,0.062165,1.772324,3.128443,5.471871
1500000,static ,1000,0.333975,0.225470,0.121699,0.067549,1.481239,2.744283,4.944158
1500000,dynamic,1000,0.334517,0.180609,0.120743,0.060263,1.852156,2.770486,5.550916
1500000,guided ,1000,0.335825,0.175640,0.093574,0.061380,1.912005,3.588879,5.471280
1500000,static ,5000,0.334350,0.177863,0.117253,0.068900,1.879815,2.851541,4.852725
1500000,dynamic,5000,0.356537,0.208501,0.108144,0.063599,1.710001,3.296867,5.605987
1500000,guided ,5000,0.337636,0.186668,0.107921,0.063327,1.808751,3.128542,5.331606
1500000,static ,10000,0.338483,0.175544,0.117859,0.071432,1.928193,2.871919,4.738557
1500000,dynamic,10000,0.336180,0.203609,0.116030,0.066533,1.651104,2.897345,5.052802
1500000,guided ,10000,0.329405,0.188158,0.107187,0.065433,1.750686,3.073170,5.034258
1500000,static ,50000,0.331944,0.182592,0.105983,0.073904,1.817952,3.132063,4.491531
1500000,dynamic,50000,0.354670,0.200531,0.117194,0.075336,1.768657,3.026363,4.707823
1500000,guided ,50000,0.340135,0.182870,0.121324,0.075110,1.859989,2.803539,4.528521
1500000,static ,100000,0.355544,0.225912,0.110437,0.074326,1.573816,3.219425,4.783583
1500000,dynamic,100000,0.335602,0.176565,0.124057,0.070728,1.900730,2.705221,4.744986
1500000,guided ,100000,0.347202,0.195469,0.135139,0.074470,1.776249,2.569211,4.662284
3000000,static ,10,0.849127,0.443290,0.287751,0.154393,1.915509,2.950906,5.499794
3000000,dynamic,10,0.835828,0.449815,0.268949,0.145357,1.858162,3.107755,5.750180
3000000,guided ,10,0.821312,0.445963,0.284652,0.146704,1.841660,2.885321,5.598418
3000000,static ,50,0.834166,0.468681,0.272005,0.168331,1.779816,3.066725,4.955523
3000000,dynamic,50,0.859899,0.446018,0.276296,0.150145,1.927948,3.112243,5.727130
3000000,guided ,50,0.833062,0.462817,0.253255,0.151728,1.799982,3.289422,5.490501
3000000,static ,100,0.833128,0.494657,0.290199,0.165033,1.684254,2.870884,5.048242
3000000,dynamic,100,0.839161,0.458458,0.266213,0.150401,1.830400,3.152214,5.579491
3000000,guided ,100,0.882231,0.490133,0.281831,0.151036,1.799983,3.130361,5.841191
3000000,static ,1000,0.831161,0.473920,0.281366,0.164501,1.753799,2.954026,5.052628
3000000,dynamic,1000,0.831703,0.446604,0.261990,0.149479,1.862283,3.174562,5.564010
3000000,guided ,1000,0.842982,0.453042,0.289361,0.152145,1.860717,2.913253,5.540635
3000000,static ,5000,0.836048,0.487802,0.285220,0.176902,1.713908,2.931242,4.726055
3000000,dynamic,5000,0.818491,0.460427,0.289471,0.152531,1.777678,2.827539,5.366077
3000000,guided ,5000,0.826777,0.443982,0.285286,0.151552,1.862187,2.898062,5.455403
3000000,static ,10000,0.829835,0.436164,0.282867,0.160238,1.902578,2.933654,5.178782
3000000,dynamic,10000,0.832505,0.444406,0.271815,0.155705,1.873299,3.062759,5.346694
3000000,guided ,10000,0.833622,0.430262,0.264804,0.146470,1.937475,3.148073,5.691436
3000000,static ,50000,0.828792,0.446864,0.280439,0.173566,1.854686,2.955341,4.775077
3000000,dynamic,50000,0.824012,0.475619,0.314165,0.176304,1.732505,2.622866,4.673828
3000000,guided ,50000,0.827226,0.471225,0.289938,0.167842,1.755478,2.853113,4.928598
3000000,static ,100000,0.826228,0.485655,0.308944,0.180737,1.701265,2.674362,4.571448
3000000,dynamic,100000,0.830232,0.483251,0.298229,0.186577,1.718015,2.783872,4.449806
3000000,guided ,100000,0.832447,0.465215,0.314322,0.183708,1.789379,2.648385,4.531360
5000000,static ,10,1.630837,0.958094,0.529877,0.319757,1.702169,3.077765,5.100246
5000000,dynamic,10,1.630324,0.935500,0.521431,0.300856,1.742731,3.126637,5.418945
5000000,guided ,10,1.631904,0.887034,0.516666,0.285770,1.839731,3.158527,5.710552
5000000,static ,50,1.641160,0.916095,0.548965,0.311912,1.791473,2.989552,5.261613
5000000,dynamic,50,1.624234,0.905925,0.526790,0.294508,1.792901,3.083269,5.515069
5000000,guided ,50,1.694906,0.925325,0.531861,0.304443,1.831688,3.186745,5.567244
5000000,static ,100,1.706135,0.922863,0.539664,0.313069,1.848742,3.161478,5.449714
5000000,dynamic,100,1.668750,0.875352,0.548156,0.298046,1.906377,3.044300,5.598977
5000000,guided ,100,1.668347,0.920303,0.559244,0.295298,1.812823,2.983216,5.649713
5000000,static ,1000,1.637522,0.929477,0.571250,0.321110,1.761767,2.866561,5.099574
5000000,dynamic,1000,1.658143,0.914343,0.528698,0.289599,1.813480,3.136274,5.725654
5000000,guided ,1000,1.654868,0.880379,0.538703,0.299291,1.879722,3.071946,5.529290
5000000,static ,5000,1.634799,0.871389,0.570451,0.326481,1.876083,2.865803,5.007333
5000000,dynamic,5000,1.637379,0.892192,0.522660,0.297352,1.835231,3.132780,5.506541
5000000,guided ,5000,1.629698,0.922135,0.528678,0.293528,1.767310,3.082590,5.552111
5000000,static ,10000,1.639755,0.911532,0.567267,0.315349,1.798900,2.890624,5.199814
5000000,dynamic,10000,1.644694,0.878183,0.538636,0.344601,1.872838,3.053442,4.772747
5000000,guided ,10000,1.630469,0.903016,0.521386,0.305733,1.805581,3.127180,5.332987
5000000,static ,50000,1.633708,0.937237,0.544179,0.313203,1.743110,3.002150,5.216127
5000000,dynamic,50000,1.635848,0.856072,0.534717,0.331317,1.910876,3.059278,4.937408
5000000,guided ,50000,1.636625,0.880489,0.553824,0.298210,1.858769,2.955136,5.488157
5000000,static ,100000,1.652603,0.934930,0.579467,0.341123,1.767623,2.851935,4.844600
5000000,dynamic,100000,1.626735,0.934350,0.536978,0.352767,1.741034,3.029427,4.611364
5000000,guided ,100000,1.658495,0.870552,0.556634,0.327283,1.905108,2.979506,5.067459
59,static ,2,0.000036,0.000133,0.000432,0.000187,0.270739,0.083006,0.192287
59,dynamic,2,0.000034,0.000171,0.000259,0.000187,0.199182,0.131559,0.182353
59,guided ,2,0.000035,0.000062,0.000096,0.000167,0.557878,0.360332,0.207660
